true_sigma_visual,fitted_sigma_visual,optimal_weight_visual,fitted_weight_visual,optimal_sigma_combined,empirical_sigma_combined
0.5,0.4823335554274721,0.972972972972973,0.9734697681308451,0.47589233595727687,0.5266303521967732
1.5,1.4470006662824164,0.8,0.8030326325998661,1.2966875112594736,1.3863845058345188
3.0,2.894001332564833,0.5,0.5047655864488324,2.0560969832153635,2.1067880788904363
6.0,5.788002665129666,0.2,0.2030675175513419,2.608248415825036,2.5937888336271806
