true_v,fitted_v,true_a,fitted_a,true_t0,fitted_t0
0.5,0.48517160759725675,1.0,1.0495554059161791,0.2,0.20025918580277394
1.0,0.9135293567920647,1.2,1.2386534213790181,0.25,0.24936579557767835
1.5,1.5468621909035094,1.5,1.519073742636562,0.3,0.30311660938524077
-0.8,-0.7843687236024156,1.0,1.0213609096274736,0.2,0.2002951774587764
